[{"model": "contenttypes.contenttype", "pk": 1, "fields": {"app_label": "admin", "model": "logentry"}}, {"model": "contenttypes.contenttype", "pk": 2, "fields": {"app_label": "auth", "model": "permission"}}, {"model": "contenttypes.contenttype", "pk": 3, "fields": {"app_label": "auth", "model": "group"}}, {"model": "contenttypes.contenttype", "pk": 4, "fields": {"app_label": "auth", "model": "user"}}, {"model": "contenttypes.contenttype", "pk": 5, "fields": {"app_label": "contenttypes", "model": "contenttype"}}, {"model": "contenttypes.contenttype", "pk": 6, "fields": {"app_label": "sessions", "model": "session"}}, {"model": "contenttypes.contenttype", "pk": 7, "fields": {"app_label": "catalog", "model": "bookinstance"}}, {"model": "contenttypes.contenttype", "pk": 8, "fields": {"app_label": "catalog", "model": "genre"}}, {"model": "contenttypes.contenttype", "pk": 9, "fields": {"app_label": "catalog", "model": "author"}}, {"model": "contenttypes.contenttype", "pk": 10, "fields": {"app_label": "catalog", "model": "book"}}, {"model": "contenttypes.contenttype", "pk": 11, "fields": {"app_label": "catalog", "model": "language"}}, {"model": "contenttypes.contenttype", "pk": 12, "fields": {"app_label": "catalog", "model": "tryit"}}, {"model": "contenttypes.contenttype", "pk": 13, "fields": {"app_label": "catalog", "model": "weapon"}}, {"model": "contenttypes.contenttype", "pk": 14, "fields": {"app_label": "catalog", "model": "role"}}, {"model": "sessions.session", "pk": "2ro65z4bc1k1f2l7lymsycwtautitotz", "fields": {"session_data": "ZDEyYzQyMDk2NGZiNmQyOWQ3ODYyYzRiODdkODA0Yzk0MzkxMjkyOTp7Im51bV92aXNpdHMiOjE3LCJfYXV0aF91c2VyX2lkIjoiMSIsIl9hdXRoX3VzZXJfYmFja2VuZCI6ImRqYW5nby5jb250cmliLmF1dGguYmFja2VuZHMuTW9kZWxCYWNrZW5kIiwiX2F1dGhfdXNlcl9oYXNoIjoiM2M2MmQ3ODQ0YmQyZmFlMzQ3ZGM4YjMyZTc3ODA4N2Y5ZmFkZWJkNyJ9", "expire_date": "2020-11-09T02:05:31.542Z"}}, {"model": "sessions.session", "pk": "punizicq6lz5ddwws30rlqdl0cw1lpnd", "fields": {"session_data": "MDU2YzM0ODc2MGEzMTFiZDdmYjhjNzA5ZDMwMzBkNjNjNmI3MjEzNDp7Im51bV92aXNpdHMiOjE1LCJfYXV0aF91c2VyX2lkIjoiMSIsIl9hdXRoX3VzZXJfYmFja2VuZCI6ImRqYW5nby5jb250cmliLmF1dGguYmFja2VuZHMuTW9kZWxCYWNrZW5kIiwiX2F1dGhfdXNlcl9oYXNoIjoiM2M2MmQ3ODQ0YmQyZmFlMzQ3ZGM4YjMyZTc3ODA4N2Y5ZmFkZWJkNyJ9", "expire_date": "2020-11-16T07:53:52.993Z"}}, {"model": "sessions.session", "pk": "rg7nbokenz5wqy3uibydpnskub7he335", "fields": {"session_data": "MzBjZjVmZWY5MmEwMzJiNGQ3ZGEzZjY3YmI0M2EwYTk2MmUxYTkxYzp7Il9hdXRoX3VzZXJfaWQiOiIxIiwiX2F1dGhfdXNlcl9iYWNrZW5kIjoiZGphbmdvLmNvbnRyaWIuYXV0aC5iYWNrZW5kcy5Nb2RlbEJhY2tlbmQiLCJfYXV0aF91c2VyX2hhc2giOiIzYzYyZDc4NDRiZDJmYWUzNDdkYzhiMzJlNzc4MDg3ZjlmYWRlYmQ3IiwibnVtX3Zpc2l0cyI6NX0=", "expire_date": "2020-11-10T11:27:09.009Z"}}, {"model": "catalog.genre", "pk": 1, "fields": {"name": "\u6050\u6016/\u9a5a\u609a\u5c0f\u8aaa"}}, {"model": "catalog.genre", "pk": 2, "fields": {"name": "\u63a8\u7406/\u72af\u7f6a\u5c0f\u8aaa"}}, {"model": "catalog.genre", "pk": 4, "fields": {"name": "\u6587\u5b78\u5c0f\u8aaa"}}, {"model": "catalog.genre", "pk": 5, "fields": {"name": "\u5947\u5e7b\u5c0f\u8aaa"}}, {"model": "catalog.genre", "pk": 6, "fields": {"name": "\u6e2c\u8a66\u5c0f\u8aaa"}}, {"model": "catalog.language", "pk": 1, "fields": {"name": "Chinese"}}, {"model": "catalog.language", "pk": 2, "fields": {"name": "English"}}, {"model": "catalog.book", "pk": 1, "fields": {"title": "\u5168\u5883\u5c01\u9396", "author": 1, "summary": "\u90a3\u4e00\u5929\uff0c\u7d10\u7d04\u4e00\u5915\u4e4b\u9593\u88ab\u8feb\u5c01\u9396\u2500\u2500\u7db2\u8def\u548c\u901a\u8a0a\u7121\u7aef\u5931\u9748\u3001\u81f4\u547d\u75c5\u6bd2\u8086\u8650\u6d41\u50b3\u3001\u5f37\u70c8\u66b4\u98a8\u96ea\u63a5\u9023\u4f86\u8972\uff0c\u8b93\u6574\u500b\u57ce\u5e02\u5f9e\u6b64\u8207\u5916\u754c\u65b7\u4e86\u806f\u7e6b\u3002\r\n\u9ea5\u53ef\u5617\u8a66\u548c\u540c\u4e00\u68df\u516c\u5bd3\u7684\u9130\u5c45\u5011\u904b\u7528\u5404\u7a2e\u624b\u6bb5\u5b58\u6d3b\uff0c\u4f46\u60c5\u6cc1\u8d8a\u4f86\u8d8a\u60e1\u5316\uff0c\u98df\u7269\u3001\u96fb\u529b\u7b49\u5404\u7a2e\u8cc7\u6e90\u5373\u5c07\u6b86\u76e1\uff0c\u8d8a\u4f86\u8d8a\u591a\u4eba\u9913\u6b7b\u3001\u51b7\u6b7b\uff0c\u6574\u68df\u516c\u5bd3\u751a\u81f3\u5206\u6210\u4e86\u5169\u6d3e\uff0c\u5f31\u8089\u5f37\u98df\u4e0d\u65b7\u4e0a\u6f14\u3002\r\n\u7121\u8a08\u53ef\u65bd\u4e4b\u4e0b\uff0c\u4ed6\u548c\u597d\u53cb\u67e5\u514b\u5169\u5bb6\u4eba\u8a66\u5716\u5192\u96aa\u9003\u51fa\u806f\u5916\u9053\u8def\u88ab\u5c01\u9396\u3001\u51b0\u5929\u96ea\u5730\u7684\u7d10\u7d04\uff0c\u524d\u5f80\u67e5\u514b\u539f\u672c\u56e4\u7a4d\u7ce7\u98df\u548c\u8cc7\u6e90\u7684\u5c71\u4e2d\u5c0f\u5c4b\uff0c\u4e0d\u6599\u5132\u5099\u7ce7\u98df\u7adf\u5df2\u5168\u6578\u88ab\u4eba\u5077\u8d70\uff0c\u6240\u6709\u4eba\u518d\u5ea6\u9677\u5165\u7d55\u5883\uff01\r\n\u66f4\u9a5a\u4eba\u7684\u662f\u2500\u2500\u4ed6\u5011\u5bdf\u89ba\u5c71\u4e0b\u7684\u83ef\u76db\u9813\u7279\u5340\u6709\u96fb\u6709\u5149\uff0c\u5faa\u7dda\u800c\u53bb\uff0c\u7adf\u767c\u73fe\u7f8e\u570b\u9996\u5e9c\u6709\u4e00\u6279\u4e2d\u570b\u8ecd\u968a\u99d0\u7d2e\u5176\u4e2d\uff1f\uff01", "isbn": "1", "language": 1, "genre": [1]}}, {"model": "catalog.book", "pk": 2, "fields": {"title": "\u9054\u6587\u897f\u5bc6\u78bc", "author": 2, "summary": "\u54c8\u4f5b\u5927\u5b78\u7684\u5b97\u6559\u7b26\u865f\u5b78\u6559\u6388\u7f85\u67cf\u2027\u862d\u767b\u5230\u5df4\u9ece\u51fa\u5dee\u7684\u6df1\u591c\uff0c \u7a81\u7136\u63a5\u5230\u4e00\u901a\u7dca\u6025\u96fb\u8a71\uff0c\u901a\u77e5\u4ed6\u7f85\u6d6e\u5bae\u5e74\u9ad8\u5fb7\u90b5\u7684\u9928\u9577\u906d\u4eba\u8b00\u6bba\uff0c\u5c31\u5728\u535a\u7269\u9928\u5167\uff0c\u5c4d\u9ad4\u65c1\u908a\u7559\u4e0b\u4e86\u4e00\u500b\u4ee4\u4eba\u56f0\u60d1\u7684\u5bc6\u78bc\u3002\u862d\u767b\u8207\u6cd5\u570b\u7f8e\u5973\u5bc6\u78bc\u5c08\u5bb6 \u8607\u83f2\u2027\u7d0d\u4f5b\u5728\u6574\u7406\u5206\u6790\u8b0e\u5718\u7684\u904e\u7a0b\u4e2d\uff0c\u9a5a\u8a1d\u5730\u767c\u73fe\u5728\u9054\u6587\u897f\u7684\u4f5c\u54c1\u4e2d\u85cf\u6709\u4e00\u9023\u4e32\u7684\u7dda\u7d22\u3002\u9019\u4e9b\u7dda\u7d22\u4eba\u4eba\u53ef\u898b\uff0c\u537b\u88ab\u756b\u5bb6\u5de7\u5999\u5730\u507d\u88dd\uff0c\u52a0\u4ee5\u96b1\u85cf\u3002", "isbn": "2", "language": 1, "genre": [2]}}, {"model": "catalog.book", "pk": 4, "fields": {"title": "\u89e3\u6182\u96dc\u8ca8\u5e97", "author": 4, "summary": "\u975c\u50fb\u7684\u8857\u9053\u65c1\uff0c\u4f47\u7acb\u8457\u4e00\u5bb6\u300c\u89e3\u6182\u96dc\u8ca8\u5e97\u300d\u3002\u53ea\u8981\u5728\u665a\u4e0a\u628a\u5beb\u4e86\u7169\u60f1\u7684\u4fe1\u4e1f\u9032\u9435\u6372\u9580\u4e0a\u7684\u6295\u905e\u53e3\uff0c\u9694\u5929\u5c31\u53ef\u4ee5\u5728\u5e97\u5f8c\u65b9\u7684\u725b\u5976\u7bb1\u88e1\u62ff\u5230\u56de\u4fe1\u89e3\u7b54\u3002\r\n\u7537\u53cb\u7f79\u60a3\u4e0d\u6cbb\u4e4b\u75c7\uff0c\u5c11\u5973\u9677\u5165\u5169\u96e3\uff0c\u5230\u5e95\u8981\u68c4\u4ed6\u65bc\u4e0d\u9867\uff0c\u7368\u81ea\u53bb\u5b8c\u6210\u5169\u4eba\u7684\u5922\u60f3\uff1b\u9084\u662f\u966a\u4ed6\u5230\u6700\u5f8c\u4e00\u523b\uff0c\u537b\u8b93\u4ed6\u5e36\u8457\u907a\u61be\u800c\u6b7b\uff1f\r\n\u9b5a\u5e97\u8001\u95c6\u7684\u5152\u5b50\u5922\u60f3\u6210\u70ba\u4e00\u540d\u97f3\u6a02\u4eba\uff0c\u70ba\u6b64\u4e0d\u60dc\u96e2\u5bb6\u53c8\u4f11\u5b78\uff0c\u7136\u800c\u537b\u8655\u8655\u78b0\u58c1\u3002\u4ed6\u5230\u5e95\u8981\u63a5\u624b\u8001\u7238\u7684\u9b5a\u5e97\uff0c\u9084\u662f\u7528\u81ea\u5df1\u7684\u4eba\u751f\u7576\u8ced\u6ce8\uff0c\u7e7c\u7e8c\u73a9\u97f3\u6a02\u5462\uff1f", "isbn": "3", "language": 1, "genre": [2]}}, {"model": "catalog.book", "pk": 5, "fields": {"title": "Me before you", "author": 5, "summary": "\u9047\u898b\u4f60\u4e4b\u524d(\u96fb\u5f71\u3010\u6211\u5c31\u8981\u4f60\u597d\u597d\u7684\u3011\u539f\u8457)", "isbn": "4", "language": 2, "genre": [4]}}, {"model": "catalog.book", "pk": 6, "fields": {"title": "Percy Jackson 1\uff1aThe Lightning Thief", "author": 6, "summary": "\u67d0\u500b\u7d10\u7d04\u5e02\u7684\u591c\u88e1\uff0c\u5e1d\u570b\u5927\u5ec8\u4e0a\u5b99\u65af\u544a\u8a34\u6ce2\u8cfd\u9813\uff0c\u7942\u7684\u6b66\u5668\u300c\u9583\u96fb\u706b\u300d\u88ab\u5077\u8d70\u4e86\uff0c\u4e26\u5f37\u70c8\u61f7\u7591\u662f\u6ce2\u8cfd\u9813\u7684\u534a\u795e\u5152\u5b50\u6ce2\u897f\u00b7\u5091\u514b\u68ee\u6240\u70ba\u3002\u4f46\u6ce2\u8cfd\u9813\u63d0\u9192\u5b99\u65af\uff0c\u6ce2\u897f\u6839\u672c\u4e0d\u77e5\u9053\u7942\u7684\u771f\u5be6\u8eab\u5206\uff0c\u5373\u4f7f\u5982\u6b64\uff0c\u5b99\u65af\u4f9d\u7136\u8b66\u544a\u6ce2\u8cfd\u9813\uff0c\u82e5\u6c92\u80fd\u572814\u5929\u5f8c\u7684\u590f\u81f3\u524d\u8b93\u7aca\u8cca\u5c07\u9583\u96fb\u706b\u7269\u6b78\u539f\u4e3b\uff0c\u4e0d\u6392\u9664\u767c\u52d5\u773e\u795e\u6230\u722d\u3002", "isbn": "5", "language": 2, "genre": [5]}}, {"model": "catalog.book", "pk": 7, "fields": {"title": "\u5065\u8eab\u597d\u8655\u591aGYM", "author": 7, "summary": "\u5065\u8eab\u5e36\u7d66\u6211\u8a31\u591a\u7684\u597d\u8655, \u5065\u8eab\u5e36\u7d66\u6211\u8a31\u591a\u7684\u597d\u8655, \u5065\u8eab\u5e36\u7d66\u6211\u8a31\u591a\u7684\u597d\u8655, \u5065\u8eab\u5e36\u7d66\u6211\u8a31\u591a\u7684\u597d\u8655, \u5065\u8eab\u5e36\u7d66\u6211\u8a31\u591a\u7684\u597d\u8655\u3002", "isbn": "6", "language": 1, "genre": [6]}}, {"model": "catalog.book", "pk": 8, "fields": {"title": "\u5065\u8eab\u597d\u8655\u591a\u591aGYM II", "author": 7, "summary": "Local test -  Local test -  Local test -  Local test -  Local test", "isbn": "7", "language": 2, "genre": [6]}}, {"model": "catalog.book", "pk": 9, "fields": {"title": "\u5065\u8eab\u597d\u8655\u591a\u591a\u591aGYM III", "author": 7, "summary": "\u5065\u8eab\u5e36\u7d66\u6211\u8a31\u591a\u7684\u597d\u8655, \u5065\u8eab\u5e36\u7d66\u6211\u8a31\u591a\u7684\u597d\u8655, \u5065\u8eab\u5e36\u7d66\u6211\u8a31\u591a\u7684\u597d\u8655, \u5065\u8eab\u5e36\u7d66\u6211\u8a31\u591a\u7684\u597d\u8655, \u5065\u8eab\u5e36\u7d66\u6211\u8a31\u591a\u7684\u597d\u8655\u3002", "isbn": "8", "language": 1, "genre": [6]}}, {"model": "catalog.book", "pk": 12, "fields": {"title": "\u6df1\u5ea6\u5b78\u7fd2\uff1a\u5167\u884c\u4eba\u7684\u505a\u6cd5", "author": 11, "summary": "\u96d6\u7136\u4eba\u5011\u5c0d\u6a5f\u5668\u5b78\u7fd2\u5c55\u73fe\u4e86\u9ad8\u5ea6\u7684\u8208\u8da3\uff0c\u4f46\u904e\u9ad8\u7684\u671f\u671b\u5f80\u5f80\u7121\u6cd5\u8b93\u5c08\u6848\u8d70\u5f97\u592a\u9060\u3002\u6a5f\u5668\u5b78\u7fd2\uff08\u5c24\u5176\u662f\u6df1\u5ea6\u795e\u7d93\u7db2\u8def\uff09\u5728\u60a8\u7684\u7d44\u7e54\u4e2d\uff0c\u7a76\u7adf\u80fd\u767c\u63ee\u4ec0\u9ebc\u6a23\u771f\u6b63\u7684\u4f5c\u7528\u5462\uff1f\u9019\u672c\u5be6\u6230\u6307\u5357\u4e0d\u50c5\u63d0\u4f9b\u6b64\u4e3b\u984c\u76f8\u95dc\u7684\u6700\u5be6\u7528\u8cc7\u8a0a\uff0c\u9084\u53ef\u5354\u52a9\u60a8\u958b\u59cb\u69cb\u5efa\u9ad8\u6548\u7684\u6df1\u5ea6\u5b78\u7fd2\u7db2\u8def\u3002", "isbn": "11", "language": 1, "genre": [6]}}, {"model": "catalog.author", "pk": 1, "fields": {"first_name": "Mercer", "last_name": "Matt", "date_of_birth": "1982-06-29", "date_of_death": null}}, {"model": "catalog.author", "pk": 2, "fields": {"first_name": "Brown", "last_name": "Dan", "date_of_birth": "1964-06-22", "date_of_death": null}}, {"model": "catalog.author", "pk": 4, "fields": {"first_name": "\u572d\u543e", "last_name": "\u6771\u91ce", "date_of_birth": "1958-02-04", "date_of_death": null}}, {"model": "catalog.author", "pk": 5, "fields": {"first_name": "Moyes", "last_name": "Jojo", "date_of_birth": "1969-08-04", "date_of_death": null}}, {"model": "catalog.author", "pk": 6, "fields": {"first_name": "Riordan", "last_name": "Rick", "date_of_birth": "1964-06-05", "date_of_death": null}}, {"model": "catalog.author", "pk": 7, "fields": {"first_name": "\u5927\u885b", "last_name": "\u9ec3", "date_of_birth": "1996-06-30", "date_of_death": null}}, {"model": "catalog.author", "pk": 9, "fields": {"first_name": "Johan", "last_name": "Theorin", "date_of_birth": "1963-09-03", "date_of_death": null}}, {"model": "catalog.author", "pk": 10, "fields": {"first_name": "\u5927\u6c5f", "last_name": "\u7e54\u7530", "date_of_birth": "2020-10-24", "date_of_death": null}}, {"model": "catalog.author", "pk": 11, "fields": {"first_name": "Josh", "last_name": "Patterson", "date_of_birth": "2019-01-11", "date_of_death": null}}, {"model": "catalog.role", "pk": 1, "fields": {"name": "\u5967\u683c\u746a\u4e01", "birthday": "2020-10-24", "weapon": 1, "summ": "\u95c7\u5c6c\u6a5f\u7532, \u5766\u8077\u5b9a\u4f4d, \u55ae\u624b\u528d\u76fe"}}, {"model": "catalog.role", "pk": 2, "fields": {"name": "\u746a\u9e97\u5a1c", "birthday": "2020-10-01", "weapon": 2, "summ": "\u6c34\u5c6c\u8266\u9577, \u5766\u8077\u5b9a\u4f4d, \u55ae\u624b\u528d"}}, {"model": "catalog.role", "pk": 3, "fields": {"name": "\u5967\u683c\u9f8d", "birthday": "2020-10-23", "weapon": 1, "summ": "\u5149\u5c6c\u6a5f\u7532, \u8f38\u51fa\u5b9a\u4f4d, \u96d9\u624b\u528d"}}, {"model": "catalog.role", "pk": 5, "fields": {"name": "\u6d77\u8ecd\u8266\u9577", "birthday": "2020-09-29", "weapon": 2, "summ": "\u64ca\u98db, \u6254\u51fa\u8239\u9328\u52fe\u4eba\u4e26\u6688\u77291\u79d2"}}, {"model": "catalog.weapon", "pk": 1, "fields": {"name": "\u524e\u90a3\u65b9\u9663", "skill": "\u5632\u8af7, \u56db\u500b\u98db\u5f48"}}, {"model": "catalog.weapon", "pk": 2, "fields": {"name": "\u52a0\u723e\u746a\u9054", "skill": "\u6d88\u6c89, \u4f7f\u6575\u65b9\u964d\u653b\u4e26\u7de9\u901f"}}, {"model": "auth.permission", "pk": 1, "fields": {"name": "Can add log entry", "content_type": 1, "codename": "add_logentry"}}, {"model": "auth.permission", "pk": 2, "fields": {"name": "Can change log entry", "content_type": 1, "codename": "change_logentry"}}, {"model": "auth.permission", "pk": 3, "fields": {"name": "Can delete log entry", "content_type": 1, "codename": "delete_logentry"}}, {"model": "auth.permission", "pk": 4, "fields": {"name": "Can view log entry", "content_type": 1, "codename": "view_logentry"}}, {"model": "auth.permission", "pk": 5, "fields": {"name": "Can add permission", "content_type": 2, "codename": "add_permission"}}, {"model": "auth.permission", "pk": 6, "fields": {"name": "Can change permission", "content_type": 2, "codename": "change_permission"}}, {"model": "auth.permission", "pk": 7, "fields": {"name": "Can delete permission", "content_type": 2, "codename": "delete_permission"}}, {"model": "auth.permission", "pk": 8, "fields": {"name": "Can view permission", "content_type": 2, "codename": "view_permission"}}, {"model": "auth.permission", "pk": 9, "fields": {"name": "Can add group", "content_type": 3, "codename": "add_group"}}, {"model": "auth.permission", "pk": 10, "fields": {"name": "Can change group", "content_type": 3, "codename": "change_group"}}, {"model": "auth.permission", "pk": 11, "fields": {"name": "Can delete group", "content_type": 3, "codename": "delete_group"}}, {"model": "auth.permission", "pk": 12, "fields": {"name": "Can view group", "content_type": 3, "codename": "view_group"}}, {"model": "auth.permission", "pk": 13, "fields": {"name": "Can add user", "content_type": 4, "codename": "add_user"}}, {"model": "auth.permission", "pk": 14, "fields": {"name": "Can change user", "content_type": 4, "codename": "change_user"}}, {"model": "auth.permission", "pk": 15, "fields": {"name": "Can delete user", "content_type": 4, "codename": "delete_user"}}, {"model": "auth.permission", "pk": 16, "fields": {"name": "Can view user", "content_type": 4, "codename": "view_user"}}, {"model": "auth.permission", "pk": 17, "fields": {"name": "Can add content type", "content_type": 5, "codename": "add_contenttype"}}, {"model": "auth.permission", "pk": 18, "fields": {"name": "Can change content type", "content_type": 5, "codename": "change_contenttype"}}, {"model": "auth.permission", "pk": 19, "fields": {"name": "Can delete content type", "content_type": 5, "codename": "delete_contenttype"}}, {"model": "auth.permission", "pk": 20, "fields": {"name": "Can view content type", "content_type": 5, "codename": "view_contenttype"}}, {"model": "auth.permission", "pk": 21, "fields": {"name": "Can add session", "content_type": 6, "codename": "add_session"}}, {"model": "auth.permission", "pk": 22, "fields": {"name": "Can change session", "content_type": 6, "codename": "change_session"}}, {"model": "auth.permission", "pk": 23, "fields": {"name": "Can delete session", "content_type": 6, "codename": "delete_session"}}, {"model": "auth.permission", "pk": 24, "fields": {"name": "Can view session", "content_type": 6, "codename": "view_session"}}, {"model": "auth.permission", "pk": 25, "fields": {"name": "Can add book instance", "content_type": 7, "codename": "add_bookinstance"}}, {"model": "auth.permission", "pk": 26, "fields": {"name": "Can change book instance", "content_type": 7, "codename": "change_bookinstance"}}, {"model": "auth.permission", "pk": 27, "fields": {"name": "Can delete book instance", "content_type": 7, "codename": "delete_bookinstance"}}, {"model": "auth.permission", "pk": 28, "fields": {"name": "Can view book instance", "content_type": 7, "codename": "view_bookinstance"}}, {"model": "auth.permission", "pk": 29, "fields": {"name": "Can add genre", "content_type": 8, "codename": "add_genre"}}, {"model": "auth.permission", "pk": 30, "fields": {"name": "Can change genre", "content_type": 8, "codename": "change_genre"}}, {"model": "auth.permission", "pk": 31, "fields": {"name": "Can delete genre", "content_type": 8, "codename": "delete_genre"}}, {"model": "auth.permission", "pk": 32, "fields": {"name": "Can view genre", "content_type": 8, "codename": "view_genre"}}, {"model": "auth.permission", "pk": 33, "fields": {"name": "Can add author", "content_type": 9, "codename": "add_author"}}, {"model": "auth.permission", "pk": 34, "fields": {"name": "Can change author", "content_type": 9, "codename": "change_author"}}, {"model": "auth.permission", "pk": 35, "fields": {"name": "Can delete author", "content_type": 9, "codename": "delete_author"}}, {"model": "auth.permission", "pk": 36, "fields": {"name": "Can view author", "content_type": 9, "codename": "view_author"}}, {"model": "auth.permission", "pk": 37, "fields": {"name": "Can add book", "content_type": 10, "codename": "add_book"}}, {"model": "auth.permission", "pk": 38, "fields": {"name": "Can change book", "content_type": 10, "codename": "change_book"}}, {"model": "auth.permission", "pk": 39, "fields": {"name": "Can delete book", "content_type": 10, "codename": "delete_book"}}, {"model": "auth.permission", "pk": 40, "fields": {"name": "Can view book", "content_type": 10, "codename": "view_book"}}, {"model": "auth.permission", "pk": 41, "fields": {"name": "Can add language", "content_type": 11, "codename": "add_language"}}, {"model": "auth.permission", "pk": 42, "fields": {"name": "Can change language", "content_type": 11, "codename": "change_language"}}, {"model": "auth.permission", "pk": 43, "fields": {"name": "Can delete language", "content_type": 11, "codename": "delete_language"}}, {"model": "auth.permission", "pk": 44, "fields": {"name": "Can view language", "content_type": 11, "codename": "view_language"}}, {"model": "auth.permission", "pk": 45, "fields": {"name": "Can add try it", "content_type": 12, "codename": "add_tryit"}}, {"model": "auth.permission", "pk": 46, "fields": {"name": "Can change try it", "content_type": 12, "codename": "change_tryit"}}, {"model": "auth.permission", "pk": 47, "fields": {"name": "Can delete try it", "content_type": 12, "codename": "delete_tryit"}}, {"model": "auth.permission", "pk": 48, "fields": {"name": "Can view try it", "content_type": 12, "codename": "view_tryit"}}, {"model": "auth.permission", "pk": 49, "fields": {"name": "Can add weapon", "content_type": 13, "codename": "add_weapon"}}, {"model": "auth.permission", "pk": 50, "fields": {"name": "Can change weapon", "content_type": 13, "codename": "change_weapon"}}, {"model": "auth.permission", "pk": 51, "fields": {"name": "Can delete weapon", "content_type": 13, "codename": "delete_weapon"}}, {"model": "auth.permission", "pk": 52, "fields": {"name": "Can view weapon", "content_type": 13, "codename": "view_weapon"}}, {"model": "auth.permission", "pk": 53, "fields": {"name": "Can add role", "content_type": 14, "codename": "add_role"}}, {"model": "auth.permission", "pk": 54, "fields": {"name": "Can change role", "content_type": 14, "codename": "change_role"}}, {"model": "auth.permission", "pk": 55, "fields": {"name": "Can delete role", "content_type": 14, "codename": "delete_role"}}, {"model": "auth.permission", "pk": 56, "fields": {"name": "Can view role", "content_type": 14, "codename": "view_role"}}, {"model": "auth.group", "pk": 1, "fields": {"name": "Library Members", "permissions": []}}, {"model": "auth.user", "pk": 1, "fields": {"password": "pbkdf2_sha256$180000$fOUcMFe26UoL$YBRlDWZ5OOSpZ3IaJNx5ZBvgb0Fh7bHPIPJihJRrrdg=", "last_login": "2020-10-30T08:42:58.523Z", "is_superuser": true, "username": "deizow7x", "first_name": "", "last_name": "", "email": "deizow7x@gmail.com", "is_staff": true, "is_active": true, "date_joined": "2020-09-14T04:34:35Z", "groups": [], "user_permissions": []}}, {"model": "auth.user", "pk": 2, "fields": {"password": "pbkdf2_sha256$180000$fDO6ak7ZHq78$HG+dOUdEhzrqxkJrP+ATmnSyiY9w5I2u5BjqiU75bE4=", "last_login": "2020-09-30T05:42:10.511Z", "is_superuser": false, "username": "David", "first_name": "\u5927\u885b", "last_name": "\u9ec3", "email": "david123@gmail.com", "is_staff": false, "is_active": true, "date_joined": "2020-09-23T05:34:00Z", "groups": [1], "user_permissions": []}}, {"model": "auth.user", "pk": 3, "fields": {"password": "pbkdf2_sha256$180000$HM4IcSCTpvOd$7w2R9u6uvVVSs8kNfXkg3mxeeMYkdP+r4ZBvkho+yJ0=", "last_login": "2020-10-27T10:24:23.850Z", "is_superuser": false, "username": "member001", "first_name": "\u6210\u54e1", "last_name": "\u6e2c\u8a66", "email": "member001@gmail.com", "is_staff": false, "is_active": true, "date_joined": "2020-09-23T05:37:58Z", "groups": [1], "user_permissions": []}}, {"model": "auth.user", "pk": 4, "fields": {"password": "pbkdf2_sha256$180000$SVPOFYhtAqr0$eF9il9YUfwmvJWQ+qIZsfon/zcpfhN/vmjLW/ZaDWC4=", "last_login": "2020-10-27T11:00:16.629Z", "is_superuser": true, "username": "user123", "first_name": "", "last_name": "", "email": "user123@gmail.com", "is_staff": true, "is_active": true, "date_joined": "2020-10-24T04:16:26.484Z", "groups": [], "user_permissions": []}}, {"model": "auth.user", "pk": 5, "fields": {"password": "pbkdf2_sha256$180000$tsMyxKjW35qv$AleAxPnZgKFe+1WKfkRwUS+7j/co9Jyckf4zzwRRcE4=", "last_login": "2020-10-27T10:59:45.326Z", "is_superuser": false, "username": "user456", "first_name": "", "last_name": "", "email": "", "is_staff": false, "is_active": true, "date_joined": "2020-10-27T10:26:36Z", "groups": [], "user_permissions": []}}, {"model": "catalog.bookinstance", "pk": "11068792-ec04-46b0-91ba-e88511e798cb", "fields": {"book": 2, "imprint": "1.0.0", "due_back": null, "borrower": null, "status": "m"}}, {"model": "catalog.bookinstance", "pk": "111d962e-a876-40f0-9469-142e8c7b858b", "fields": {"book": 9, "imprint": "2.0.1", "due_back": "2020-10-08", "borrower": 3, "status": "o"}}, {"model": "catalog.bookinstance", "pk": "2444e562-1459-49d8-8fc2-a22f440189e8", "fields": {"book": 9, "imprint": "\u6e2c\u8a66\u7248", "due_back": "2020-09-30", "borrower": 1, "status": "o"}}, {"model": "catalog.bookinstance", "pk": "2a6cf283-92b3-47fd-83f8-06f809bbdde4", "fields": {"book": 5, "imprint": "2.0.1", "due_back": "2020-11-09", "borrower": 3, "status": "o"}}, {"model": "catalog.bookinstance", "pk": "3b8fcfc1-62b1-4e05-9f6c-a22c909c1baf", "fields": {"book": 1, "imprint": "1.0.0", "due_back": null, "borrower": null, "status": "a"}}, {"model": "catalog.bookinstance", "pk": "4b8b116e-73df-474d-ac60-eff4ecec1a94", "fields": {"book": 2, "imprint": "2.0.1", "due_back": "2020-10-03", "borrower": 1, "status": "o"}}, {"model": "catalog.bookinstance", "pk": "519bca04-7c28-48c8-ab6a-dce0073d1fb3", "fields": {"book": 6, "imprint": "2.0.1", "due_back": "2020-10-07", "borrower": 3, "status": "o"}}, {"model": "catalog.bookinstance", "pk": "c69ec107-bb00-46fe-8ac9-cf8e98b8026c", "fields": {"book": 7, "imprint": "1.0.1", "due_back": "2020-10-10", "borrower": 2, "status": "o"}}, {"model": "catalog.bookinstance", "pk": "f4f22f33-ade1-4914-9783-8e2982ac7e99", "fields": {"book": 1, "imprint": "2.0.1", "due_back": "2020-11-17", "borrower": 1, "status": "o"}}, {"model": "admin.logentry", "pk": 1, "fields": {"action_time": "2020-09-14T04:39:53.210Z", "user": 1, "content_type": 4, "object_id": "1", "object_repr": "deizow7x", "action_flag": 2, "change_message": "[]"}}, {"model": "admin.logentry", "pk": 2, "fields": {"action_time": "2020-09-14T04:53:02.262Z", "user": 1, "content_type": 9, "object_id": "1", "object_repr": "Matt, Mercer", "action_flag": 1, "change_message": "[{\"added\": {}}]"}}, {"model": "admin.logentry", "pk": 3, "fields": {"action_time": "2020-09-14T04:53:29.322Z", "user": 1, "content_type": 8, "object_id": "1", "object_repr": "\u6050\u6016/\u9a5a\u609a\u5c0f\u8aaa", "action_flag": 1, "change_message": "[{\"added\": {}}]"}}, {"model": "admin.logentry", "pk": 4, "fields": {"action_time": "2020-09-14T04:54:13.171Z", "user": 1, "content_type": 11, "object_id": "1", "object_repr": "Chinese", "action_flag": 1, "change_message": "[{\"added\": {}}]"}}, {"model": "admin.logentry", "pk": 5, "fields": {"action_time": "2020-09-14T04:54:43.873Z", "user": 1, "content_type": 10, "object_id": "1", "object_repr": "\u5168\u5883\u5c01\u9396", "action_flag": 1, "change_message": "[{\"added\": {}}]"}}, {"model": "admin.logentry", "pk": 6, "fields": {"action_time": "2020-09-14T04:57:24.465Z", "user": 1, "content_type": 8, "object_id": "2", "object_repr": "\u63a8\u7406/\u72af\u7f6a\u5c0f\u8aaa", "action_flag": 1, "change_message": "[{\"added\": {}}]"}}, {"model": "admin.logentry", "pk": 7, "fields": {"action_time": "2020-09-14T04:58:34.248Z", "user": 1, "content_type": 9, "object_id": "2", "object_repr": "Dan, Brown", "action_flag": 1, "change_message": "[{\"added\": {}}]"}}, {"model": "admin.logentry", "pk": 8, "fields": {"action_time": "2020-09-14T04:58:42.264Z", "user": 1, "content_type": 10, "object_id": "2", "object_repr": "\u9054\u6587\u897f\u5bc6\u78bc", "action_flag": 1, "change_message": "[{\"added\": {}}]"}}, {"model": "admin.logentry", "pk": 9, "fields": {"action_time": "2020-09-14T05:00:21.846Z", "user": 1, "content_type": 8, "object_id": "3", "object_repr": "\u52f5\u5fd7\u5c0f\u54c1", "action_flag": 1, "change_message": "[{\"added\": {}}]"}}, {"model": "admin.logentry", "pk": 10, "fields": {"action_time": "2020-09-14T05:01:43.114Z", "user": 1, "content_type": 9, "object_id": "3", "object_repr": "\u738b, \u96ef\u8389", "action_flag": 1, "change_message": "[{\"added\": {}}]"}}, {"model": "admin.logentry", "pk": 11, "fields": {"action_time": "2020-09-14T05:02:14.209Z", "user": 1, "content_type": 10, "object_id": "3", "object_repr": "\u7f8e\u5fb7\u5bb6\u8a13", "action_flag": 1, "change_message": "[{\"added\": {}}]"}}, {"model": "admin.logentry", "pk": 12, "fields": {"action_time": "2020-09-14T05:03:06.874Z", "user": 1, "content_type": 10, "object_id": "3", "object_repr": "\u7f8e\u5fb7\u5bb6\u8a13", "action_flag": 3, "change_message": ""}}, {"model": "admin.logentry", "pk": 13, "fields": {"action_time": "2020-09-14T05:03:24.585Z", "user": 1, "content_type": 9, "object_id": "3", "object_repr": "\u738b, \u96ef\u8389", "action_flag": 3, "change_message": ""}}, {"model": "admin.logentry", "pk": 14, "fields": {"action_time": "2020-09-14T05:03:38.813Z", "user": 1, "content_type": 8, "object_id": "3", "object_repr": "\u52f5\u5fd7\u5c0f\u54c1", "action_flag": 3, "change_message": ""}}, {"model": "admin.logentry", "pk": 15, "fields": {"action_time": "2020-09-14T05:05:25.650Z", "user": 1, "content_type": 9, "object_id": "4", "object_repr": "\u6771\u91ce, \u572d\u543e", "action_flag": 1, "change_message": "[{\"added\": {}}]"}}, {"model": "admin.logentry", "pk": 16, "fields": {"action_time": "2020-09-14T05:06:01.618Z", "user": 1, "content_type": 10, "object_id": "4", "object_repr": "\u89e3\u6182\u96dc\u8ca8\u5e97", "action_flag": 1, "change_message": "[{\"added\": {}}]"}}, {"model": "admin.logentry", "pk": 17, "fields": {"action_time": "2020-09-14T05:09:50.640Z", "user": 1, "content_type": 9, "object_id": "5", "object_repr": "Jojo, Moyes", "action_flag": 1, "change_message": "[{\"added\": {}}]"}}, {"model": "admin.logentry", "pk": 18, "fields": {"action_time": "2020-09-14T05:10:45.847Z", "user": 1, "content_type": 8, "object_id": "4", "object_repr": "\u6587\u5b78\u5c0f\u8aaa", "action_flag": 1, "change_message": "[{\"added\": {}}]"}}, {"model": "admin.logentry", "pk": 19, "fields": {"action_time": "2020-09-14T05:10:55.306Z", "user": 1, "content_type": 11, "object_id": "2", "object_repr": "English", "action_flag": 1, "change_message": "[{\"added\": {}}]"}}, {"model": "admin.logentry", "pk": 20, "fields": {"action_time": "2020-09-14T05:10:58.815Z", "user": 1, "content_type": 10, "object_id": "5", "object_repr": "Me before you", "action_flag": 1, "change_message": "[{\"added\": {}}]"}}, {"model": "admin.logentry", "pk": 21, "fields": {"action_time": "2020-09-14T05:13:56.019Z", "user": 1, "content_type": 9, "object_id": "6", "object_repr": "Rick, Riordan", "action_flag": 1, "change_message": "[{\"added\": {}}]"}}, {"model": "admin.logentry", "pk": 22, "fields": {"action_time": "2020-09-14T05:15:27.028Z", "user": 1, "content_type": 8, "object_id": "5", "object_repr": "\u5947\u5e7b\u5c0f\u8aaa", "action_flag": 1, "change_message": "[{\"added\": {}}]"}}, {"model": "admin.logentry", "pk": 23, "fields": {"action_time": "2020-09-14T05:15:30.518Z", "user": 1, "content_type": 10, "object_id": "6", "object_repr": "Percy Jackson 1\uff1aThe Lightning Thief \u6ce2\u897f\u5091\u514b\u68ee1:\u795e\u706b\u4e4b\u8cca", "action_flag": 1, "change_message": "[{\"added\": {}}]"}}, {"model": "admin.logentry", "pk": 24, "fields": {"action_time": "2020-09-15T09:52:41.079Z", "user": 1, "content_type": 7, "object_id": "3b8fcfc1-62b1-4e05-9f6c-a22c909c1baf", "object_repr": "3b8fcfc1-62b1-4e05-9f6c-a22c909c1baf (\u5168\u5883\u5c01\u9396)", "action_flag": 1, "change_message": "[{\"added\": {}}]"}}, {"model": "admin.logentry", "pk": 25, "fields": {"action_time": "2020-09-15T09:53:40.062Z", "user": 1, "content_type": 7, "object_id": "11068792-ec04-46b0-91ba-e88511e798cb", "object_repr": "11068792-ec04-46b0-91ba-e88511e798cb (\u9054\u6587\u897f\u5bc6\u78bc)", "action_flag": 1, "change_message": "[{\"added\": {}}]"}}, {"model": "admin.logentry", "pk": 26, "fields": {"action_time": "2020-09-22T08:21:36.103Z", "user": 1, "content_type": 7, "object_id": "3b8fcfc1-62b1-4e05-9f6c-a22c909c1baf", "object_repr": "3b8fcfc1-62b1-4e05-9f6c-a22c909c1baf (\u5168\u5883\u5c01\u9396)", "action_flag": 2, "change_message": "[{\"changed\": {\"fields\": [\"Status\"]}}]"}}, {"model": "admin.logentry", "pk": 27, "fields": {"action_time": "2020-09-22T13:31:18.007Z", "user": 1, "content_type": 9, "object_id": "7", "object_repr": "\u9ec3, \u5927\u885b", "action_flag": 1, "change_message": "[{\"added\": {}}]"}}, {"model": "admin.logentry", "pk": 28, "fields": {"action_time": "2020-09-22T13:32:04.063Z", "user": 1, "content_type": 8, "object_id": "6", "object_repr": "\u6e2c\u8a66\u5c0f\u8aaa", "action_flag": 1, "change_message": "[{\"added\": {}}]"}}, {"model": "admin.logentry", "pk": 29, "fields": {"action_time": "2020-09-22T13:32:23.101Z", "user": 1, "content_type": 10, "object_id": "7", "object_repr": "\u5065\u8eab\u597d\u8655\u591aGYM", "action_flag": 1, "change_message": "[{\"added\": {}}]"}}, {"model": "admin.logentry", "pk": 30, "fields": {"action_time": "2020-09-22T13:33:18.001Z", "user": 1, "content_type": 7, "object_id": "c69ec107-bb00-46fe-8ac9-cf8e98b8026c", "object_repr": "c69ec107-bb00-46fe-8ac9-cf8e98b8026c (\u5065\u8eab\u597d\u8655\u591aGYM)", "action_flag": 1, "change_message": "[{\"added\": {}}]"}}, {"model": "admin.logentry", "pk": 31, "fields": {"action_time": "2020-09-22T13:37:39.741Z", "user": 1, "content_type": 9, "object_id": "7", "object_repr": "\u9ec3, \u5927\u885b", "action_flag": 2, "change_message": "[{\"added\": {\"name\": \"book\", \"object\": \"\\u5065\\u8eab\\u597d\\u8655\\u591a\\u591aGYM II\"}}, {\"added\": {\"name\": \"book\", \"object\": \"\\u5065\\u8eab\\u597d\\u8655\\u591a\\u591a\\u591aGYM III\"}}, {\"added\": {\"name\": \"book\", \"object\": \"\\u5065\\u8eab\\u597d\\u8655\\u591a\\u591a\\u591aGYM III\"}}]"}}, {"model": "admin.logentry", "pk": 32, "fields": {"action_time": "2020-09-22T13:38:48.933Z", "user": 1, "content_type": 9, "object_id": "7", "object_repr": "\u9ec3, \u5927\u885b", "action_flag": 2, "change_message": "[{\"deleted\": {\"name\": \"book\", \"object\": \"\\u5065\\u8eab\\u597d\\u8655\\u591a\\u591a\\u591aGYM III\"}}]"}}, {"model": "admin.logentry", "pk": 33, "fields": {"action_time": "2020-09-23T05:27:56.540Z", "user": 1, "content_type": 3, "object_id": "1", "object_repr": "Library Members", "action_flag": 1, "change_message": "[{\"added\": {}}]"}}, {"model": "admin.logentry", "pk": 34, "fields": {"action_time": "2020-09-23T05:31:23.725Z", "user": 1, "content_type": 4, "object_id": "2", "object_repr": "David", "action_flag": 1, "change_message": "[{\"added\": {}}]"}}, {"model": "admin.logentry", "pk": 35, "fields": {"action_time": "2020-09-23T05:34:02.095Z", "user": 1, "content_type": 4, "object_id": "2", "object_repr": "David", "action_flag": 2, "change_message": "[{\"changed\": {\"fields\": [\"First name\", \"Last name\", \"Email address\", \"Groups\", \"Last login\", \"Date joined\"]}}]"}}, {"model": "admin.logentry", "pk": 36, "fields": {"action_time": "2020-09-23T05:37:21.281Z", "user": 1, "content_type": 4, "object_id": "3", "object_repr": "member001", "action_flag": 1, "change_message": "[{\"added\": {}}]"}}, {"model": "admin.logentry", "pk": 37, "fields": {"action_time": "2020-09-23T05:38:24.621Z", "user": 1, "content_type": 4, "object_id": "3", "object_repr": "member001", "action_flag": 2, "change_message": "[{\"changed\": {\"fields\": [\"First name\", \"Last name\", \"Email address\", \"Groups\", \"Last login\", \"Date joined\"]}}]"}}, {"model": "admin.logentry", "pk": 38, "fields": {"action_time": "2020-09-30T05:06:51.958Z", "user": 1, "content_type": 7, "object_id": "c69ec107-bb00-46fe-8ac9-cf8e98b8026c", "object_repr": "c69ec107-bb00-46fe-8ac9-cf8e98b8026c (\u5065\u8eab\u597d\u8655\u591aGYM)", "action_flag": 2, "change_message": "[{\"changed\": {\"fields\": [\"Status\", \"Due back\", \"Borrower\"]}}]"}}, {"model": "admin.logentry", "pk": 39, "fields": {"action_time": "2020-09-30T05:08:16.622Z", "user": 1, "content_type": 10, "object_id": "6", "object_repr": "Percy Jackson 1\uff1aThe Lightning Thief \u6ce2\u897f\u5091\u514b\u68ee1:\u795e\u706b\u4e4b\u8cca", "action_flag": 2, "change_message": "[{\"added\": {\"name\": \"book instance\", \"object\": \"519bca04-7c28-48c8-ab6a-dce0073d1fb3 (Percy Jackson 1\\uff1aThe Lightning Thief \\u6ce2\\u897f\\u5091\\u514b\\u68ee1:\\u795e\\u706b\\u4e4b\\u8cca)\"}}]"}}, {"model": "admin.logentry", "pk": 40, "fields": {"action_time": "2020-09-30T05:09:21.921Z", "user": 1, "content_type": 10, "object_id": "5", "object_repr": "Me before you", "action_flag": 2, "change_message": "[{\"added\": {\"name\": \"book instance\", \"object\": \"2a6cf283-92b3-47fd-83f8-06f809bbdde4 (Me before you)\"}}]"}}, {"model": "admin.logentry", "pk": 41, "fields": {"action_time": "2020-09-30T05:09:55.525Z", "user": 1, "content_type": 10, "object_id": "9", "object_repr": "\u5065\u8eab\u597d\u8655\u591a\u591a\u591aGYM III", "action_flag": 2, "change_message": "[{\"added\": {\"name\": \"book instance\", \"object\": \"111d962e-a876-40f0-9469-142e8c7b858b (\\u5065\\u8eab\\u597d\\u8655\\u591a\\u591a\\u591aGYM III)\"}}]"}}, {"model": "admin.logentry", "pk": 42, "fields": {"action_time": "2020-09-30T05:32:01.336Z", "user": 1, "content_type": 10, "object_id": "1", "object_repr": "\u5168\u5883\u5c01\u9396", "action_flag": 2, "change_message": "[{\"added\": {\"name\": \"book instance\", \"object\": \"f4f22f33-ade1-4914-9783-8e2982ac7e99 (\\u5168\\u5883\\u5c01\\u9396)\"}}]"}}, {"model": "admin.logentry", "pk": 43, "fields": {"action_time": "2020-09-30T05:32:45.713Z", "user": 1, "content_type": 10, "object_id": "2", "object_repr": "\u9054\u6587\u897f\u5bc6\u78bc", "action_flag": 2, "change_message": "[{\"added\": {\"name\": \"book instance\", \"object\": \"4b8b116e-73df-474d-ac60-eff4ecec1a94 (\\u9054\\u6587\\u897f\\u5bc6\\u78bc)\"}}]"}}, {"model": "admin.logentry", "pk": 44, "fields": {"action_time": "2020-09-30T05:37:42.154Z", "user": 1, "content_type": 10, "object_id": "9", "object_repr": "\u5065\u8eab\u597d\u8655\u591a\u591a\u591aGYM III", "action_flag": 2, "change_message": "[{\"added\": {\"name\": \"book instance\", \"object\": \"2444e562-1459-49d8-8fc2-a22f440189e8 (\\u5065\\u8eab\\u597d\\u8655\\u591a\\u591a\\u591aGYM III)\"}}]"}}, {"model": "admin.logentry", "pk": 45, "fields": {"action_time": "2020-10-20T09:03:37.248Z", "user": 1, "content_type": 12, "object_id": "1", "object_repr": "\u9ec3\u96f6\u4e00", "action_flag": 1, "change_message": "[{\"added\": {}}]"}}, {"model": "admin.logentry", "pk": 46, "fields": {"action_time": "2020-10-23T23:39:20.058Z", "user": 1, "content_type": 13, "object_id": "1", "object_repr": "\u524e\u90a3\u65b9\u9663", "action_flag": 1, "change_message": "[{\"added\": {}}]"}}, {"model": "admin.logentry", "pk": 47, "fields": {"action_time": "2020-10-23T23:40:12.698Z", "user": 1, "content_type": 14, "object_id": "1", "object_repr": "\u5967\u683c\u746a", "action_flag": 1, "change_message": "[{\"added\": {}}]"}}, {"model": "admin.logentry", "pk": 48, "fields": {"action_time": "2020-10-23T23:59:44.136Z", "user": 1, "content_type": 13, "object_id": "2", "object_repr": "\u52a0\u723e\u746a\u9054", "action_flag": 1, "change_message": "[{\"added\": {}}]"}}, {"model": "admin.logentry", "pk": 49, "fields": {"action_time": "2020-10-24T00:00:43.465Z", "user": 1, "content_type": 14, "object_id": "2", "object_repr": "\u746a\u9e97\u5a1c", "action_flag": 1, "change_message": "[{\"added\": {}}]"}}, {"model": "admin.logentry", "pk": 50, "fields": {"action_time": "2020-10-24T00:04:41.665Z", "user": 1, "content_type": 14, "object_id": "4", "object_repr": "\u5967\u683c\u9f8d", "action_flag": 3, "change_message": ""}}, {"model": "admin.logentry", "pk": 51, "fields": {"action_time": "2020-10-27T10:26:37.124Z", "user": 1, "content_type": 4, "object_id": "5", "object_repr": "user456", "action_flag": 1, "change_message": "[{\"added\": {}}]"}}, {"model": "admin.logentry", "pk": 52, "fields": {"action_time": "2020-10-27T10:27:21.279Z", "user": 1, "content_type": 4, "object_id": "5", "object_repr": "user456", "action_flag": 2, "change_message": "[]"}}]